Language,Grammar,Type,W1,W2,W3,W4
Chinese,Promotion,SR,0.9263826624883,0.5926751106858,0,0.4816520108123
Chinese,Promotion,OR,1.0849617842529,0.6977608666649,0,0.9087437465722
