Language,Grammar,Type,W1,W2,W3,W4
Chinese,Adjunction,SR,0.9283280599643,0.5713842365762,0,0.610515998986
Chinese,Adjunction,OR,1.0887204393437,0.6948360803242,0,0.9298960173045
