Language,Grammar,Type,W1,W2,W3,W4
Chinese,Pronominal,SR,1.0305905663497,0.5115892669222,0,0.6092231087298
Chinese,Pronominal,OR,1.0288772881266,0.6005137957611,0,0.9807387549005
