Language,Grammar,Type,W1,W2,W3,W4
Japanese,Pronominal,SR,1.2110557338042,0,0.e-13,0
Japanese,Pronominal,OR,1.2110557338042,0.5711315484855,0,1.2365457566522
