Language,Grammar,Type,W1,W2,W3,W4
Japanese,Pronominal,SR,1.0545157048908,0.1516340597813,0.e-13,0
Japanese,Pronominal,OR,1.0545157048908,0.4496132446066,0,0.8696669017321
