Language,Grammar,Type,W1,W2,W3,W4
Korean,Promotion,SR,2.0214596260802,0,0.0146367582192,1.5310227373642
Korean,Promotion,OR,2.0214596260802,0.767752050263,0,2.1275297157965
