Language,Grammar,Type,W1,W2,W3,W4
Korean,Pronominal,SR,1.9100050375746,0,0.0348790831081,1.8859389373163
Korean,Pronominal,OR,1.9100050375746,1.0723019603666,0,2.1024261918628
