Language,Grammar,Type,W1,W2,W3,W4
Korean,Pronominal,SR,2.0154428595651,0,0.0322073283324,1.9295981371851
Korean,Pronominal,OR,2.0154428595651,1.0603886027087,0,1.014837126302
